SiteName,AmpliconReference,sgRNA,OnTarget,ForwardPrimer,R_PRIMER,TxInput1Path,TxInput2Path,MockInput1Path,MockInput2Path,DonorReference
EMX1_iGS_1,AGGACAAAGTACAAACGGCAGAAGCTGGAGGAGGAAGGGCCTGAGTCCGAGCAGAAGAAGAAGGGCTCCCATCACATCAACCGGTGGCGCATTGCCACGAAGCAGGCCAATGGGGAGGACATCGATGTCACCTCCAATGACTAGGGTGGGCAA,GAGTCCGAGCAGAAGAAGAA,TRUE,AGGACAAAGTACAAACGGCAGAAGC,TTGCCCACCCTAGTCATTGGAGGT,,,,,
EMX1_iGS_10,CACACCAGCAATGCTCTCGTCTTCCTGCAGAGGTTCTGCCAGTGCCTCAAGAATGTCCTCAGAGTTCTGTCCATTCTTCTTCTGCTCAGACGTTTTGTCTGAAAGTATTTTCCCAGGCCAGAGCTGGACTCTGTATAGAGTACAGAGGAAGGGCCAAG,ACGTCTGAGCAGAAGAAGAA,FALSE,CACACCAGCAATGCTCTCGTCTT,CTTGGCCCTTCCTCTGTACTCTA,,,,,
EMX1_iGS_2,AATGTGCTTCAACCCATCACGGCCTTTGCAAATAGAGCCCTTTATTCATAGTAGACAAGAGTCTAAGCAGAAGAAGAAGAGAGCCACTACCCAACCATCTACTCTTCTAATGGTGTTTTCCTACAAAGGCCAAGTCATGAGACTGCATCCTTGTGAAAGCCAACACTGATG,GAGTCTAAGCAGAAGAAGAA,FALSE,AATGTGCTTCAACCCATCACGGCCT,CATCAGTGTTGGCTTTCACAAGGATG,,,,,
EMX1_iGS_3,GAGTCTGACACCTTTTAAGATCTGACAGAGAAACATTTACCATAGACTATCACCTATTTTTTCTGAGGGCTGCTACCTGTACATCTGCACAAGATTGCCTTTACTCCATGCCTTTCTTCTTCTGCTCTAACTCTGACAATCTGTCTTGCCATGCCATAAGCCCCTATTCTTTCTGTAACCCCAAGATGGTATAAAAGCATCAATGATTGGGCATTTCTTTGAGTTTTC,GAGTTAGAGCAGAAGAAGAA,FALSE,GAGTCTGACACCTTTTAAGATCTGACAG,GAAAACTCAAAGAAATGCCCAATCATTG,,,,,
EMX1_iGS_4,CCCGGCTTAGGTACAAAGCTCTCCCCAGCGTACCCTCCTCCGACCAGCAGAGGGCGCGCACCGCCCGCGAGAAGGAGGTGCAGGAGCTAGACTCCGAGGGGAGGCTGCGAGCCGCAAGCGCAGGAGCCGGGTGGGAGAGAGACCCCTTCTTCTGCAAATGAGGAGGCCGAGCAGAAGAAAGACGGCGACAGATGTTGGGGGGAGGGGACGGTTTGTGAGGGATA,GAGGCCGAGCAGAAGAAAGA,FALSE,CCCGGCTTAGGTACAAAGCTCTC,TATCCCTCACAAACCGTCCCCTC,,,,,
EMX1_iGS_5,GAAGACCAGACTCAGTAAAGCCTGGAGGCTGCCAGGTAGGGCTGGGGCCAGCATGACCTGAGTCCTAGCAGGAGAAGAAGAGGCAGCCTAGAGTCTTCTGTGAAGTGCACATAGAAGAGAGACTGGGG,GAGTCCTAGCAGGAGAAGAA,FALSE,GAAGACCAGACTCAGTAAAGCCTGGA,CCCCAGTCTCTCTTCTATGTGCACTT,,,,,
EMX1_iGS_6,GATGTAGTTCTGACATTCCTCCTGAGGGAAAATAAATAAATTAATTAAAAATATATATATATATGTATAATGATAAACATGCTAACAAAGTCTGAGCACAAGAAGAATGGTGAGAAGGAATACATTTTATCTAATAAATATGTAAGCCATTAATAAAATGTAAACCATTAAAACAACAAATAAACCTTTCAGATATTGACCAAAA,AAGTCTGAGCACAAGAAGAA,FALSE,GATGTAGTTCTGACATTCCTCCTGAG,TTTTGGTCAATATCTGAAAGGTTTATTTG,,,,,
EMX1_iGS_7,GGGAATAAACTTGTGCTTATTTGTTGGAAGAGCAAATATGTTTTTTTGAAACCGAATTATGGATGGGGATGTGGGGGTGGGAACTAGGCAAGGGTCTCAGGGGAATCCAAGCAGGAGAAGAAGGAGGGAAAAACCACTCTCTTCTCAGATGGAAAAAAAAAAAACAAAACAAAACAACTGTTTCTTAAAGTTTTAAATAAAATATCTAATATTTTATATCTCTTTTACTGTGGAGAATTTAAAACA,GAATCCAAGCAGGAGAAGAA,FALSE,GGGAATAAACTTGTGCTTATTTGTTGGAAGA,TGTTTTAAATTCTCCACAGTAAAAGAGATATAAA,,,,,
EMX1_iGS_8,GCTGCTAAAGTGTTAAGAACTCTGAGAAATTGTAGGAAAAATGCAAATGAGACATCAGAGAAGAGCTCACAAAGACTAGGAGATTGAAATGGAGCCTTAGGAAAAAAGAAGTCAGAGAAGGAAGAAGAAAGGGAGCTTCTGAAAATGAGAAGAGTAATGTGCTGAAGGGCTTATCAAAGAAAAGTCCCAGA,AAGTCAGAGAAGGAAGAAGA,FALSE,GCTGCTAAAGTGTTAAGAACTCTGAGAA,TCTGGGACTTTTCTTTGATAAGCCCTTC,,,,,
EMX1_iGS_9,CTAGCTCCCCTTATGTCACTCACACAGGCAATTCTGCCTGTTGGTAGAACTTTTTTTTTCCTGCCAGGTACAGCTGATAATACCTGAGTTCAAGCAGAGAAGAAAGGGGATGACCAAAAGCCAAATAACTTGGGAAAGAATGGCCCATTTTTTCCCTAGAACACTGTGAGTAGTGAGGCCTTCTGCTCACATTTGACTG,GAGTTCAAGCAGAGAAGAAA,FALSE,CTAGCTCCCCTTATGTCACTCACAC,CAGTCAAATGTGAGCAGAAGGCCTCA,,,,,